"Data Source","World Development Indicators",

"Last Updated Date","2023-12-18",

"Country Name","Country Code","Indicator Name","Indicator Code","1960","1961","1962","1963","1964","1965","1966","1967","1968","1969","1970","1971","1972","1973","1974","1975","1976","1977","1978","1979","1980","1981","1982","1983","1984","1985","1986","1987","1988","1989","1990","1991","1992","1993","1994","1995","1996","1997","1998","1999","2000","2001","2002","2003","2004","2005","2006","2007","2008","2009","2010","2011","2012","2013","2014","2015","2016","2017","2018","2019","2020","2021","2022",
"Aruba","ABW","Land area where elevation is below 5 meters (% of total land area)","AG.LND.EL5M.ZS","","","","","","","","","","","","","","","","","","","","","","","","","","","","","","","10.3858541453569","","","","","","","","","","10.3858541453351","","","","","","","","","","","","","","","10.385854145343","","","","","","","",
"Africa Eastern and Southern","AFE","Land area where elevation is below 5 meters (% of total land area)","AG.LND.EL5M.ZS","","","","","","","","","","","","","","","","","","","","","","","","","","","","","","","0.247773059441354","","","","","","","","","","0.25663873479143","","","","","","","","","","","","","","","0.250800518313604","","","","","","","",
"Afghanistan","AFG","Land area where elevation is below 5 meters (% of total land area)","AG.LND.EL5M.ZS","","","","","","","","","","","","","","","","","","","","","","","","","","","","","","","0","","","","","","","","","","0","","","","","","","","","","","","","","","0","","","","","","","",
"Africa Western and Central","AFW","Land area where elevation is below 5 meters (% of total land area)","AG.LND.EL5M.ZS","","","","","","","","","","","","","","","","","","","","","","","","","","","","","","","0.721944924560292","","","","","","","","","","0.721944924558806","","","","","","","","","","","","","","","0.721944924559911","","","","","","","",
"Angola","AGO","Land area where elevation is below 5 meters (% of total land area)","AG.LND.EL5M.ZS","","","","","","","","","","","","","","","","","","","","","","","","","","","","","","","0.160554591714016","","","","","","","","","","0.160554591714757","","","","","","","","","","","","","","","0.16055459171434","","","","","","","",
"Albania","ALB","Land area where elevation is below 5 meters (% of total land area)","AG.LND.EL5M.ZS","","","","","","","","","","","","","","","","","","","","","","","","","","","","","","","3.7561400906132","","","","","","","","","","3.75614009062231","","","","","","","","","","","","","","","3.75614009062933","","","","","","","",
"Andorra","AND","Land area where elevation is below 5 meters (% of total land area)","AG.LND.EL5M.ZS","","","","","","","","","","","","","","","","","","","","","","","","","","","","","","","0","","","","","","","","","","0","","","","","","","","","","","","","","","0","","","","","","","",
"Arab World","ARB","Land area where elevation is below 5 meters (% of total land area)","AG.LND.EL5M.ZS","","","","","","","","","","","","","","","","","","","","","","","","","","","","","","","0.540793455598358","","","","","","","","","","0.540842332818846","","","","","","","","","","","","","","","0.558047432167231","","","","","","","",
"United Arab Emirates","ARE","Land area where elevation is below 5 meters (% of total land area)","AG.LND.EL5M.ZS","","","","","","","","","","","","","","","","","","","","","","","","","","","","","","","4.09434245038754","","","","","","","","","","4.09434245038626","","","","","","","","","","","","","","","4.09434245038579","","","","","","","",
"Argentina","ARG","Land area where elevation is below 5 meters (% of total land area)","AG.LND.EL5M.ZS","","","","","","","","","","","","","","","","","","","","","","","","","","","","","","","0.621191850112472","","","","","","","","","","0.621191850114451","","","","","","","","","","","","","","","0.621191850113878","","","","","","","",
"Armenia","ARM","Land area where elevation is below 5 meters (% of total land area)","AG.LND.EL5M.ZS","","","","","","","","","","","","","","","","","","","","","","","","","","","","","","","0","","","","","","","","","","0","","","","","","","","","","","","","","","0","","","","","","","",
"American Samoa","ASM","Land area where elevation is below 5 meters (% of total land area)","AG.LND.EL5M.ZS","","","","","","","","","","","","","","","","","","","","","","","","","","","","","","","18.0630311666522","","","","","","","","","","18.0630311666522","","","","","","","","","","","","","","","18.0630311667188","","","","","","","",
"Antigua and Barbuda","ATG","Land area where elevation is below 5 meters (% of total land area)","AG.LND.EL5M.ZS","","","","","","","","","","","","","","","","","","","","","","","","","","","","","","","17.2368091876844","","","","","","","","","","17.2368091876758","","","","","","","","","","","","","","","17.2368091876745","","","","","","","",
"Australia","AUS","Land area where elevation is below 5 meters (% of total land area)","AG.LND.EL5M.ZS","","","","","","","","","","","","","","","","","","","","","","","","","","","","","","","0.730610867314108","","","","","","","","","","0.730610867314312","","","","","","","","","","","","","","","0.73061086731368","","","","","","","",
"Austria","AUT","Land area where elevation is below 5 meters (% of total land area)","AG.LND.EL5M.ZS","","","","","","","","","","","","","","","","","","","","","","","","","","","","","","","0","","","","","","","","","","0","","","","","","","","","","","","","","","0","","","","","","","",
"Azerbaijan","AZE","Land area where elevation is below 5 meters (% of total land area)","AG.LND.EL5M.ZS","","","","","","","","","","","","","","","","","","","","","","","","","","","","","","","0","","","","","","","","","","0","","","","","","","","","","","","","","","0","","","","","","","",
"Burundi","BDI","Land area where elevation is below 5 meters (% of total land area)","AG.LND.EL5M.ZS","","","","","","","","","","","","","","","","","","","","","","","","","","","","","","","0","","","","","","","","","","0","","","","","","","","","","","","","","","0","","","","","","","",
"Belgium","BEL","Land area where elevation is below 5 meters (% of total land area)","AG.LND.EL5M.ZS","","","","","","","","","","","","","","","","","","","","","","","","","","","","","","","5.39679076047058","","","","","","","","","","5.39679076046335","","","","","","","","","","","","","","","5.3967907604698","","","","","","","",
"Benin","BEN","Land area where elevation is below 5 meters (% of total land area)","AG.LND.EL5M.ZS","","","","","","","","","","","","","","","","","","","","","","","","","","","","","","","1.13834932200447","","","","","","","","","","1.13834932199584","","","","","","","","","","","","","","","1.13834932200242","","","","","","","",
"Burkina Faso","BFA","Land area where elevation is below 5 meters (% of total land area)","AG.LND.EL5M.ZS","","","","","","","","","","","","","","","","","","","","","","","","","","","","","","","0","","","","","","","","","","0","","","","","","","","","","","","","","","0","","","","","","","",
"Bangladesh","BGD","Land area where elevation is below 5 meters (% of total land area)","AG.LND.EL5M.ZS","","","","","","","","","","","","","","","","","","","","","","","","","","","","","","","15.8661503621815","","","","","","","","","","15.866150362108","","","","","","","","","","","","","","","15.8661503621848","","","","","","","",
"Bulgaria","BGR","Land area where elevation is below 5 meters (% of total land area)","AG.LND.EL5M.ZS","","","","","","","","","","","","","","","","","","","","","","","","","","","","","","","0.138744231990603","","","","","","","","","","0.138744231990258","","","","","","","","","","","","","","","0.138744231990312","","","","","","","",
"Bahrain","BHR","Land area where elevation is below 5 meters (% of total land area)","AG.LND.EL5M.ZS","","","","","","","","","","","","","","","","","","","","","","","","","","","","","","","33.8052401946041","","","","","","","","","","33.8052401946142","","","","","","","","","","","","","","","33.8052401946887","","","","","","","",
"Bahamas, The","BHS","Land area where elevation is below 5 meters (% of total land area)","AG.LND.EL5M.ZS","","","","","","","","","","","","","","","","","","","","","","","","","","","","","","","69.7363513985265","","","","","","","","","","69.7363513985253","","","","","","","","","","","","","","","69.7363513985034","","","","","","","",
"Bosnia and Herzegovina","BIH","Land area where elevation is below 5 meters (% of total land area)","AG.LND.EL5M.ZS","","","","","","","","","","","","","","","","","","","","","","","","","","","","","","","0.0057206347777961","","","","","","","","","","0.00572063477779148","","","","","","","","","","","","","","","0.0057206347777854","","","","","","","",
"Belarus","BLR","Land area where elevation is below 5 meters (% of total land area)","AG.LND.EL5M.ZS","","","","","","","","","","","","","","","","","","","","","","","","","","","","","","","0","","","","","","","","","","0","","","","","","","","","","","","","","","0","","","","","","","",
"Belize","BLZ","Land area where elevation is below 5 meters (% of total land area)","AG.LND.EL5M.ZS","","","","","","","","","","","","","","","","","","","","","","","","","","","","","","","12.4503046517465","","","","","","","","","","12.4503046517403","","","","","","","","","","","","","","","12.4503046517218","","","","","","","",
"Bermuda","BMU","Land area where elevation is below 5 meters (% of total land area)","AG.LND.EL5M.ZS","","","","","","","","","","","","","","","","","","","","","","","","","","","","","","","35.9649596756874","","","","","","","","","","35.9649596756605","","","","","","","","","","","","","","","35.9649596757665","","","","","","","",
"Bolivia","BOL","Land area where elevation is below 5 meters (% of total land area)","AG.LND.EL5M.ZS","","","","","","","","","","","","","","","","","","","","","","","","","","","","","","","0","","","","","","","","","","0","","","","","","","","","","","","","","","0","","","","","","","",
"Brazil","BRA","Land area where elevation is below 5 meters (% of total land area)","AG.LND.EL5M.ZS","","","","","","","","","","","","","","","","","","","","","","","","","","","","","","","0.854755123915512","","","","","","","","","","0.854755123914851","","","","","","","","","","","","","","","0.854755123914608","","","","","","","",
"Barbados","BRB","Land area where elevation is below 5 meters (% of total land area)","AG.LND.EL5M.ZS","","","","","","","","","","","","","","","","","","","","","","","","","","","","","","","3.23020558025895","","","","","","","","","","3.23020558026124","","","","","","","","","","","","","","","3.23020558026124","","","","","","","",
"Brunei Darussalam","BRN","Land area where elevation is below 5 meters (% of total land area)","AG.LND.EL5M.ZS","","","","","","","","","","","","","","","","","","","","","","","","","","","","","","","5.50154133471408","","","","","","","","","","5.50154133470798","","","","","","","","","","","","","","","5.50154133471272","","","","","","","",
"Bhutan","BTN","Land area where elevation is below 5 meters (% of total land area)","AG.LND.EL5M.ZS","","","","","","","","","","","","","","","","","","","","","","","","","","","","","","","0","","","","","","","","","","0","","","","","","","","","","","","","","","0","","","","","","","",
"Botswana","BWA","Land area where elevation is below 5 meters (% of total land area)","AG.LND.EL5M.ZS","","","","","","","","","","","","","","","","","","","","","","","","","","","","","","","0","","","","","","","","","","0","","","","","","","","","","","","","","","0","","","","","","","",
"Central African Republic","CAF","Land area where elevation is below 5 meters (% of total land area)","AG.LND.EL5M.ZS","","","","","","","","","","","","","","","","","","","","","","","","","","","","","","","0","","","","","","","","","","0","","","","","","","","","","","","","","","0","","","","","","","",
"Canada","CAN","Land area where elevation is below 5 meters (% of total land area)","AG.LND.EL5M.ZS","","","","","","","","","","","","","","","","","","","","","","","","","","","","","","","0.64634435614438","","","","","","","","","","0.646344356144365","","","","","","","","","","","","","","","0.646344356144417","","","","","","","",
"Central Europe and the Baltics","CEB","Land area where elevation is below 5 meters (% of total land area)","AG.LND.EL5M.ZS","","","","","","","","","","","","","","","","","","","","","","","","","","","","","","","0.956439497895025","","","","","","","","","","0.956796819353066","","","","","","","","","","","","","","","0.959575367612466","","","","","","","",
"Switzerland","CHE","Land area where elevation is below 5 meters (% of total land area)","AG.LND.EL5M.ZS","","","","","","","","","","","","","","","","","","","","","","","","","","","","","","","0","","","","","","","","","","0","","","","","","","","","","","","","","","0","","","","","","","",
"Channel Islands","CHI","Land area where elevation is below 5 meters (% of total land area)","AG.LND.EL5M.ZS","","","","","","","","","","","","","","","","","","","","","","","","","","","","","","","","","","","","","","","","","","","","","","","","","","","","","","","","","","","","","","","",
"Chile","CHL","Land area where elevation is below 5 meters (% of total land area)","AG.LND.EL5M.ZS","","","","","","","","","","","","","","","","","","","","","","","","","","","","","","","1.53196018763288","","","","","","","","","","1.53196018763426","","","","","","","","","","","","","","","1.53196018762529","","","","","","","",
"China","CHN","Land area where elevation is below 5 meters (% of total land area)","AG.LND.EL5M.ZS","","","","","","","","","","","","","","","","","","","","","","","","","","","","","","","0.81796649319484","","","","","","","","","","0.817966493194428","","","","","","","","","","","","","","","0.817966493195581","","","","","","","",
"Cote d'Ivoire","CIV","Land area where elevation is below 5 meters (% of total land area)","AG.LND.EL5M.ZS","","","","","","","","","","","","","","","","","","","","","","","","","","","","","","","0.512809665148453","","","","","","","","","","0.512809665149963","","","","","","","","","","","","","","","0.51280966514918","","","","","","","",
"Cameroon","CMR","Land area where elevation is below 5 meters (% of total land area)","AG.LND.EL5M.ZS","","","","","","","","","","","","","","","","","","","","","","","","","","","","","","","0.463427153686798","","","","","","","","","","0.463427153685896","","","","","","","","","","","","","","","0.463427153685928","","","","","","","",
"Congo, Dem. Rep.","COD","Land area where elevation is below 5 meters (% of total land area)","AG.LND.EL5M.ZS","","","","","","","","","","","","","","","","","","","","","","","","","","","","","","","0.0273775503207423","","","","","","","","","","0.0273775503207435","","","","","","","","","","","","","","","0.0273775503207665","","","","","","","",
"Congo, Rep.","COG","Land area where elevation is below 5 meters (% of total land area)","AG.LND.EL5M.ZS","","","","","","","","","","","","","","","","","","","","","","","","","","","","","","","0.234273168222387","","","","","","","","","","0.234273168222604","","","","","","","","","","","","","","","0.234273168222491","","","","","","","",
"Colombia","COL","Land area where elevation is below 5 meters (% of total land area)","AG.LND.EL5M.ZS","","","","","","","","","","","","","","","","","","","","","","","","","","","","","","","1.13495454013486","","","","","","","","","","1.13495454012845","","","","","","","","","","","","","","","1.13495454013941","","","","","","","",
"Comoros","COM","Land area where elevation is below 5 meters (% of total land area)","AG.LND.EL5M.ZS","","","","","","","","","","","","","","","","","","","","","","","","","","","","","","","4.02107712975809","","","","","","","","","","4.02107712975914","","","","","","","","","","","","","","","4.02107712977609","","","","","","","",
"Cabo Verde","CPV","Land area where elevation is below 5 meters (% of total land area)","AG.LND.EL5M.ZS","","","","","","","","","","","","","","","","","","","","","","","","","","","","","","","5.42512817792172","","","","","","","","","","5.4251281779008","","","","","","","","","","","","","","","5.42512817792104","","","","","","","",
"Costa Rica","CRI","Land area where elevation is below 5 meters (% of total land area)","AG.LND.EL5M.ZS","","","","","","","","","","","","","","","","","","","","","","","","","","","","","","","2.92573046978105","","","","","","","","","","2.92573046978711","","","","","","","","","","","","","","","2.92573046979411","","","","","","","",
"Caribbean small states","CSS","Land area where elevation is below 5 meters (% of total land area)","AG.LND.EL5M.ZS","","","","","","","","","","","","","","","","","","","","","","","","","","","","","","","7.68738489944548","","","","","","","","","","7.68738489944383","","","","","","","","","","","","","","","7.68738489946565","","","","","","","",
"Cuba","CUB","Land area where elevation is below 5 meters (% of total land area)","AG.LND.EL5M.ZS","","","","","","","","","","","","","","","","","","","","","","","","","","","","","","","14.9366835863063","","","","","","","","","","14.936683586268","","","","","","","","","","","","","","","14.9366835862441","","","","","","","",
"Curacao","CUW","Land area where elevation is below 5 meters (% of total land area)","AG.LND.EL5M.ZS","","","","","","","","","","","","","","","","","","","","","","","","","","","","","","","7.26996007674225","","","","","","","","","","7.26996007674051","","","","","","","","","","","","","","","7.26996007674969","","","","","","","",
"Cayman Islands","CYM","Land area where elevation is below 5 meters (% of total land area)","AG.LND.EL5M.ZS","","","","","","","","","","","","","","","","","","","","","","","","","","","","","","","53.4014047524679","","","","","","","","","","53.4014047524994","","","","","","","","","","","","","","","53.4014047524107","","","","","","","",
"Cyprus","CYP","Land area where elevation is below 5 meters (% of total land area)","AG.LND.EL5M.ZS","","","","","","","","","","","","","","","","","","","","","","","","","","","","","","","2.13012284018148","","","","","","","","","","2.13012284018241","","","","","","","","","","","","","","","2.13012284017645","","","","","","","",
"Czechia","CZE","Land area where elevation is below 5 meters (% of total land area)","AG.LND.EL5M.ZS","","","","","","","","","","","","","","","","","","","","","","","","","","","","","","","0","","","","","","","","","","0","","","","","","","","","","","","","","","0","","","","","","","",
"Germany","DEU","Land area where elevation is below 5 meters (% of total land area)","AG.LND.EL5M.ZS","","","","","","","","","","","","","","","","","","","","","","","","","","","","","","","3.31163334377791","","","","","","","","","","3.31163334378257","","","","","","","","","","","","","","","3.31163334379631","","","","","","","",
"Djibouti","DJI","Land area where elevation is below 5 meters (% of total land area)","AG.LND.EL5M.ZS","","","","","","","","","","","","","","","","","","","","","","","","","","","","","","","0.748581142406711","","","","","","","","","","0.748581142408065","","","","","","","","","","","","","","","0.748581142403675","","","","","","","",
"Dominica","DMA","Land area where elevation is below 5 meters (% of total land area)","AG.LND.EL5M.ZS","","","","","","","","","","","","","","","","","","","","","","","","","","","","","","","2.99470607399353","","","","","","","","","","2.99470607398861","","","","","","","","","","","","","","","2.99470607399413","","","","","","","",
"Denmark","DNK","Land area where elevation is below 5 meters (% of total land area)","AG.LND.EL5M.ZS","","","","","","","","","","","","","","","","","","","","","","","","","","","","","","","13.4034312467211","","","","","","","","","","13.4034312467136","","","","","","","","","","","","","","","13.4034312467074","","","","","","","",
"Dominican Republic","DOM","Land area where elevation is below 5 meters (% of total land area)","AG.LND.EL5M.ZS","","","","","","","","","","","","","","","","","","","","","","","","","","","","","","","2.43129020026479","","","","","","","","","","2.43129020026545","","","","","","","","","","","","","","","2.43129020026616","","","","","","","",
"Algeria","DZA","Land area where elevation is below 5 meters (% of total land area)","AG.LND.EL5M.ZS","","","","","","","","","","","","","","","","","","","","","","","","","","","","","","","0.0253949845886382","","","","","","","","","","0.0253949845886798","","","","","","","","","","","","","","","0.0253949845887019","","","","","","","",
"East Asia & Pacific (excluding high income)","EAP","Land area where elevation is below 5 meters (% of total land area)","AG.LND.EL5M.ZS","","","","","","","","","","","","","","","","","","","","","","","","","","","","","","","2.40753227256827","","","","","","","","","","2.41717043139771","","","","","","","","","","","","","","","2.41759020875571","","","","","","","",
"Early-demographic dividend","EAR","Land area where elevation is below 5 meters (% of total land area)","AG.LND.EL5M.ZS","","","","","","","","","","","","","","","","","","","","","","","","","","","","","","","1.37632380308908","","","","","","","","","","1.39303050893109","","","","","","","","","","","","","","","1.38756780241624","","","","","","","",
"East Asia & Pacific","EAS","Land area where elevation is below 5 meters (% of total land area)","AG.LND.EL5M.ZS","","","","","","","","","","","","","","","","","","","","","","","","","","","","","","","1.92933404709298","","","","","","","","","","1.93644946802391","","","","","","","","","","","","","","","1.93702680981868","","","","","","","",
"Europe & Central Asia (excluding high income)","ECA","Land area where elevation is below 5 meters (% of total land area)","AG.LND.EL5M.ZS","","","","","","","","","","","","","","","","","","","","","","","","","","","","","","","0.544580588992824","","","","","","","","","","0.544290340150202","","","","","","","","","","","","","","","0.544217403126604","","","","","","","",
"Europe & Central Asia","ECS","Land area where elevation is below 5 meters (% of total land area)","AG.LND.EL5M.ZS","","","","","","","","","","","","","","","","","","","","","","","","","","","","","","","0.879985070501135","","","","","","","","","","0.889947404955316","","","","","","","","","","","","","","","0.889801216525147","","","","","","","",
"Ecuador","ECU","Land area where elevation is below 5 meters (% of total land area)","AG.LND.EL5M.ZS","","","","","","","","","","","","","","","","","","","","","","","","","","","","","","","1.28570738232835","","","","","","","","","","1.28570738232533","","","","","","","","","","","","","","","1.28570738232506","","","","","","","",
"Egypt, Arab Rep.","EGY","Land area where elevation is below 5 meters (% of total land area)","AG.LND.EL5M.ZS","","","","","","","","","","","","","","","","","","","","","","","","","","","","","","","1.50644501945634","","","","","","","","","","1.50644501944819","","","","","","","","","","","","","","","1.50644501945213","","","","","","","",
"Euro area","EMU","Land area where elevation is below 5 meters (% of total land area)","AG.LND.EL5M.ZS","","","","","","","","","","","","","","","","","","","","","","","","","","","","","","","2.50760763384242","","","","","","","","","","2.50314723325979","","","","","","","","","","","","","","","2.50175340528896","","","","","","","",
"Eritrea","ERI","Land area where elevation is below 5 meters (% of total land area)","AG.LND.EL5M.ZS","","","","","","","","","","","","","","","","","","","","","","","","","","","","","","","1.27908091533172","","","","","","","","","","1.27908091533295","","","","","","","","","","","","","","","1.27908091533009","","","","","","","",
"Spain","ESP","Land area where elevation is below 5 meters (% of total land area)","AG.LND.EL5M.ZS","","","","","","","","","","","","","","","","","","","","","","","","","","","","","","","0.816065358597085","","","","","","","","","","0.816065358597055","","","","","","","","","","","","","","","0.816065358597798","","","","","","","",
"Estonia","EST","Land area where elevation is below 5 meters (% of total land area)","AG.LND.EL5M.ZS","","","","","","","","","","","","","","","","","","","","","","","","","","","","","","","3.44379113111013","","","","","","","","","","3.44379113110566","","","","","","","","","","","","","","","3.44379113110202","","","","","","","",
"Ethiopia","ETH","Land area where elevation is below 5 meters (% of total land area)","AG.LND.EL5M.ZS","","","","","","","","","","","","","","","","","","","","","","","","","","","","","","","0","","","","","","","","","","0","","","","","","","","","","","","","","","0","","","","","","","",
"European Union","EUU","Land area where elevation is below 5 meters (% of total land area)","AG.LND.EL5M.ZS","","","","","","","","","","","","","","","","","","","","","","","","","","","","","","","2.10407523984739","","","","","","","","","","2.10125458618685","","","","","","","","","","","","","","","2.10056070086039","","","","","","","",
"Fragile and conflict affected situations","FCS","Land area where elevation is below 5 meters (% of total land area)","AG.LND.EL5M.ZS","","","","","","","","","","","","","","","","","","","","","","","","","","","","","","","0.688726077521665","","","","","","","","","","0.695126488042362","","","","","","","","","","","","","","","0.684614009212471","","","","","","","",
"Finland","FIN","Land area where elevation is below 5 meters (% of total land area)","AG.LND.EL5M.ZS","","","","","","","","","","","","","","","","","","","","","","","","","","","","","","","1.21649056428878","","","","","","","","","","1.21649056429095","","","","","","","","","","","","","","","1.21649056429136","","","","","","","",
"Fiji","FJI","Land area where elevation is below 5 meters (% of total land area)","AG.LND.EL5M.ZS","","","","","","","","","","","","","","","","","","","","","","","","","","","","","","","8.29796274668922","","","","","","","","","","8.29796274664658","","","","","","","","","","","","","","","8.29796274665847","","","","","","","",
"France","FRA","Land area where elevation is below 5 meters (% of total land area)","AG.LND.EL5M.ZS","","","","","","","","","","","","","","","","","","","","","","","","","","","","","","","1.49212377808528","","","","","","","","","","1.49212377808482","","","","","","","","","","","","","","","1.49212377808455","","","","","","","",
"Faroe Islands","FRO","Land area where elevation is below 5 meters (% of total land area)","AG.LND.EL5M.ZS","","","","","","","","","","","","","","","","","","","","","","","","","","","","","","","2.76006522393632","","","","","","","","","","2.76006522393632","","","","","","","","","","","","","","","2.76006522393632","","","","","","","",
"Micronesia, Fed. Sts.","FSM","Land area where elevation is below 5 meters (% of total land area)","AG.LND.EL5M.ZS","","","","","","","","","","","","","","","","","","","","","","","","","","","","","","","20.2867143571317","","","","","","","","","","20.2867143571317","","","","","","","","","","","","","","","20.2867143570825","","","","","","","",
"Gabon","GAB","Land area where elevation is below 5 meters (% of total land area)","AG.LND.EL5M.ZS","","","","","","","","","","","","","","","","","","","","","","","","","","","","","","","1.43045361296156","","","","","","","","","","1.4304536129666","","","","","","","","","","","","","","","1.43045361296654","","","","","","","",
"United Kingdom","GBR","Land area where elevation is below 5 meters (% of total land area)","AG.LND.EL5M.ZS","","","","","","","","","","","","","","","","","","","","","","","","","","","","","","","4.06052262856836","","","","","","","","","","4.0605226285676","","","","","","","","","","","","","","","4.06052262857403","","","","","","","",
"Georgia","GEO","Land area where elevation is below 5 meters (% of total land area)","AG.LND.EL5M.ZS","","","","","","","","","","","","","","","","","","","","","","","","","","","","","","","1.396108528896","","","","","","","","","","1.39610852889391","","","","","","","","","","","","","","","1.39610852889574","","","","","","","",
"Ghana","GHA","Land area where elevation is below 5 meters (% of total land area)","AG.LND.EL5M.ZS","","","","","","","","","","","","","","","","","","","","","","","","","","","","","","","0.727868498974729","","","","","","","","","","0.727868498974355","","","","","","","","","","","","","","","0.727868498970982","","","","","","","",
"Gibraltar","GIB","Land area where elevation is below 5 meters (% of total land area)","AG.LND.EL5M.ZS","","","","","","","","","","","","","","","","","","","","","","","","","","","","","","","47.6986075147595","","","","","","","","","","47.6986075147595","","","","","","","","","","","","","","","47.6986075147595","","","","","","","",
"Guinea","GIN","Land area where elevation is below 5 meters (% of total land area)","AG.LND.EL5M.ZS","","","","","","","","","","","","","","","","","","","","","","","","","","","","","","","1.37785424468039","","","","","","","","","","1.37785424468071","","","","","","","","","","","","","","","1.3778542446786","","","","","","","",
"Gambia, The","GMB","Land area where elevation is below 5 meters (% of total land area)","AG.LND.EL5M.ZS","","","","","","","","","","","","","","","","","","","","","","","","","","","","","","","18.9212202197859","","","","","","","","","","18.9212202197691","","","","","","","","","","","","","","","18.9212202198373","","","","","","","",
"Guinea-Bissau","GNB","Land area where elevation is below 5 meters (% of total land area)","AG.LND.EL5M.ZS","","","","","","","","","","","","","","","","","","","","","","","","","","","","","","","16.0430890953015","","","","","","","","","","16.0430890953204","","","","","","","","","","","","","","","16.0430890953122","","","","","","","",
"Equatorial Guinea","GNQ","Land area where elevation is below 5 meters (% of total land area)","AG.LND.EL5M.ZS","","","","","","","","","","","","","","","","","","","","","","","","","","","","","","","0.816320272918041","","","","","","","","","","0.816320272917385","","","","","","","","","","","","","","","0.816320272917788","","","","","","","",
"Greece","GRC","Land area where elevation is below 5 meters (% of total land area)","AG.LND.EL5M.ZS","","","","","","","","","","","","","","","","","","","","","","","","","","","","","","","3.41468670120627","","","","","","","","","","3.41468670120052","","","","","","","","","","","","","","","3.41468670119004","","","","","","","",
"Grenada","GRD","Land area where elevation is below 5 meters (% of total land area)","AG.LND.EL5M.ZS","","","","","","","","","","","","","","","","","","","","","","","","","","","","","","","7.81742628576483","","","","","","","","","","7.81742628577625","","","","","","","","","","","","","","","7.81742628576917","","","","","","","",
"Greenland","GRL","Land area where elevation is below 5 meters (% of total land area)","AG.LND.EL5M.ZS","","","","","","","","","","","","","","","","","","","","","","","","","","","","","","","5.10136353446008","","","","","","","","","","5.10136353446506","","","","","","","","","","","","","","","5.10136353446506","","","","","","","",
"Guatemala","GTM","Land area where elevation is below 5 meters (% of total land area)","AG.LND.EL5M.ZS","","","","","","","","","","","","","","","","","","","","","","","","","","","","","","","0.732624066168031","","","","","","","","","","0.732624066167141","","","","","","","","","","","","","","","0.73262406616977","","","","","","","",
"Guam","GUM","Land area where elevation is below 5 meters (% of total land area)","AG.LND.EL5M.ZS","","","","","","","","","","","","","","","","","","","","","","","","","","","","","","","4.94544025597543","","","","","","","","","","4.94544025597342","","","","","","","","","","","","","","","4.94544025597342","","","","","","","",
"Guyana","GUY","Land area where elevation is below 5 meters (% of total land area)","AG.LND.EL5M.ZS","","","","","","","","","","","","","","","","","","","","","","","","","","","","","","","5.21862830874785","","","","","","","","","","5.21862830874633","","","","","","","","","","","","","","","5.21862830877688","","","","","","","",
"High income","HIC","Land area where elevation is below 5 meters (% of total land area)","AG.LND.EL5M.ZS","","","","","","","","","","","","","","","","","","","","","","","","","","","","","","","1.24799063400932","","","","","","","","","","1.25511084816667","","","","","","","","","","","","","","","1.25501655357442","","","","","","","",
"Hong Kong SAR, China","HKG","Land area where elevation is below 5 meters (% of total land area)","AG.LND.EL5M.ZS","","","","","","","","","","","","","","","","","","","","","","","","","","","","","","","13.3085477908236","","","","","","","","","","13.3085477908364","","","","","","","","","","","","","","","13.3085477908195","","","","","","","",
"Honduras","HND","Land area where elevation is below 5 meters (% of total land area)","AG.LND.EL5M.ZS","","","","","","","","","","","","","","","","","","","","","","","","","","","","","","","4.49451010867767","","","","","","","","","","4.49451010868158","","","","","","","","","","","","","","","4.49451010868349","","","","","","","",
"Heavily indebted poor countries (HIPC)","HPC","Land area where elevation is below 5 meters (% of total land area)","AG.LND.EL5M.ZS","","","","","","","","","","","","","","","","","","","","","","","","","","","","","","","0.47753634397082","","","","","","","","","","0.484076409950553","","","","","","","","","","","","","","","0.492172536560416","","","","","","","",
"Croatia","HRV","Land area where elevation is below 5 meters (% of total land area)","AG.LND.EL5M.ZS","","","","","","","","","","","","","","","","","","","","","","","","","","","","","","","1.60994688953203","","","","","","","","","","1.60994688953093","","","","","","","","","","","","","","","1.60994688952881","","","","","","","",
"Haiti","HTI","Land area where elevation is below 5 meters (% of total land area)","AG.LND.EL5M.ZS","","","","","","","","","","","","","","","","","","","","","","","","","","","","","","","2.34132841170649","","","","","","","","","","2.34132841171252","","","","","","","","","","","","","","","2.34132841171347","","","","","","","",
"Hungary","HUN","Land area where elevation is below 5 meters (% of total land area)","AG.LND.EL5M.ZS","","","","","","","","","","","","","","","","","","","","","","","","","","","","","","","0","","","","","","","","","","0","","","","","","","","","","","","","","","0","","","","","","","",
"IBRD only","IBD","Land area where elevation is below 5 meters (% of total land area)","AG.LND.EL5M.ZS","","","","","","","","","","","","","","","","","","","","","","","","","","","","","","","1.07730916306449","","","","","","","","","","1.0804225610526","","","","","","","","","","","","","","","1.08068623726026","","","","","","","",
"IDA & IBRD total","IBT","Land area where elevation is below 5 meters (% of total land area)","AG.LND.EL5M.ZS","","","","","","","","","","","","","","","","","","","","","","","","","","","","","","","1.01189114960587","","","","","","","","","","1.01551598412016","","","","","","","","","","","","","","","1.01261655365677","","","","","","","",
"IDA total","IDA","Land area where elevation is below 5 meters (% of total land area)","AG.LND.EL5M.ZS","","","","","","","","","","","","","","","","","","","","","","","","","","","","","","","0.824065027164167","","","","","","","","","","0.829151261547051","","","","","","","","","","","","","","","0.819309186630458","","","","","","","",
"IDA blend","IDB","Land area where elevation is below 5 meters (% of total land area)","AG.LND.EL5M.ZS","","","","","","","","","","","","","","","","","","","","","","","","","","","","","","","1.2194958360539","","","","","","","","","","1.21655424593511","","","","","","","","","","","","","","","1.21526820672825","","","","","","","",
"Indonesia","IDN","Land area where elevation is below 5 meters (% of total land area)","AG.LND.EL5M.ZS","","","","","","","","","","","","","","","","","","","","","","","","","","","","","","","7.71005538043132","","","","","","","","","","7.71005538040808","","","","","","","","","","","","","","","7.71005538043145","","","","","","","",
"IDA only","IDX","Land area where elevation is below 5 meters (% of total land area)","AG.LND.EL5M.ZS","","","","","","","","","","","","","","","","","","","","","","","","","","","","","","","0.73928345424349","","","","","","","","","","0.745863178049971","","","","","","","","","","","","","","","0.735206436345199","","","","","","","",
"Isle of Man","IMN","Land area where elevation is below 5 meters (% of total land area)","AG.LND.EL5M.ZS","","","","","","","","","","","","","","","","","","","","","","","","","","","","","","","3.82028576192576","","","","","","","","","","3.82028576192973","","","","","","","","","","","","","","","3.82028576193246","","","","","","","",
"India","IND","Land area where elevation is below 5 meters (% of total land area)","AG.LND.EL5M.ZS","","","","","","","","","","","","","","","","","","","","","","","","","","","","","","","1.25039652141235","","","","","","","","","","1.25039652141667","","","","","","","","","","","","","","","1.25039652141578","","","","","","","",
"Not classified","INX","Land area where elevation is below 5 meters (% of total land area)","AG.LND.EL5M.ZS","","","","","","","","","","","","","","","","","","","","","","","","","","","","","","","","","","","","","","","","","","","","","","","","","","","","","","","","","","","","","","","",
"Ireland","IRL","Land area where elevation is below 5 meters (% of total land area)","AG.LND.EL5M.ZS","","","","","","","","","","","","","","","","","","","","","","","","","","","","","","","2.05292798663825","","","","","","","","","","2.05292798664847","","","","","","","","","","","","","","","2.05292798664752","","","","","","","",
"Iran, Islamic Rep.","IRN","Land area where elevation is below 5 meters (% of total land area)","AG.LND.EL5M.ZS","","","","","","","","","","","","","","","","","","","","","","","","","","","","","","","0.780218808053902","","","","","","","","","","0.780218808050602","","","","","","","","","","","","","","","0.780218808051936","","","","","","","",
"Iraq","IRQ","Land area where elevation is below 5 meters (% of total land area)","AG.LND.EL5M.ZS","","","","","","","","","","","","","","","","","","","","","","","","","","","","","","","2.88026769557287","","","","","","","","","","2.88026769556826","","","","","","","","","","","","","","","2.88026769556178","","","","","","","",
"Iceland","ISL","Land area where elevation is below 5 meters (% of total land area)","AG.LND.EL5M.ZS","","","","","","","","","","","","","","","","","","","","","","","","","","","","","","","1.8616609483011","","","","","","","","","","1.86166094829237","","","","","","","","","","","","","","","1.86166094829309","","","","","","","",
"Israel","ISR","Land area where elevation is below 5 meters (% of total land area)","AG.LND.EL5M.ZS","","","","","","","","","","","","","","","","","","","","","","","","","","","","","","","0.493446011371123","","","","","","","","","","0.493446011370452","","","","","","","","","","","","","","","0.493446011370041","","","","","","","",
"Italy","ITA","Land area where elevation is below 5 meters (% of total land area)","AG.LND.EL5M.ZS","","","","","","","","","","","","","","","","","","","","","","","","","","","","","","","3.28171440430897","","","","","","","","","","3.28171440431553","","","","","","","","","","","","","","","3.28171440431111","","","","","","","",
"Jamaica","JAM","Land area where elevation is below 5 meters (% of total land area)","AG.LND.EL5M.ZS","","","","","","","","","","","","","","","","","","","","","","","","","","","","","","","4.80325553379638","","","","","","","","","","4.80325553379205","","","","","","","","","","","","","","","4.80325553379893","","","","","","","",
"Jordan","JOR","Land area where elevation is below 5 meters (% of total land area)","AG.LND.EL5M.ZS","","","","","","","","","","","","","","","","","","","","","","","","","","","","","","","0.00426687907154533","","","","","","","","","","0.00426687907154424","","","","","","","","","","","","","","","0.00426687907154254","","","","","","","",
"Japan","JPN","Land area where elevation is below 5 meters (% of total land area)","AG.LND.EL5M.ZS","","","","","","","","","","","","","","","","","","","","","","","","","","","","","","","3.25499866560682","","","","","","","","","","3.25499866560773","","","","","","","","","","","","","","","3.25499866561465","","","","","","","",
"Kazakhstan","KAZ","Land area where elevation is below 5 meters (% of total land area)","AG.LND.EL5M.ZS","","","","","","","","","","","","","","","","","","","","","","","","","","","","","","","0","","","","","","","","","","0","","","","","","","","","","","","","","","0","","","","","","","",
"Kenya","KEN","Land area where elevation is below 5 meters (% of total land area)","AG.LND.EL5M.ZS","","","","","","","","","","","","","","","","","","","","","","","","","","","","","","","0.274727760668259","","","","","","","","","","0.274727760668518","","","","","","","","","","","","","","","0.274727760666996","","","","","","","",
"Kyrgyz Republic","KGZ","Land area where elevation is below 5 meters (% of total land area)","AG.LND.EL5M.ZS","","","","","","","","","","","","","","","","","","","","","","","","","","","","","","","0","","","","","","","","","","0","","","","","","","","","","","","","","","0","","","","","","","",
"Cambodia","KHM","Land area where elevation is below 5 meters (% of total land area)","AG.LND.EL5M.ZS","","","","","","","","","","","","","","","","","","","","","","","","","","","","","","","1.73514794553413","","","","","","","","","","1.73514794553161","","","","","","","","","","","","","","","1.73514794552964","","","","","","","",
"Kiribati","KIR","Land area where elevation is below 5 meters (% of total land area)","AG.LND.EL5M.ZS","","","","","","","","","","","","","","","","","","","","","","","","","","","","","","","67.5862121496187","","","","","","","","","","67.5862121496288","","","","","","","","","","","","","","","67.5862121496276","","","","","","","",
"St. Kitts and Nevis","KNA","Land area where elevation is below 5 meters (% of total land area)","AG.LND.EL5M.ZS","","","","","","","","","","","","","","","","","","","","","","","","","","","","","","","8.11338657702784","","","","","","","","","","8.11338657702419","","","","","","","","","","","","","","","8.11338657701625","","","","","","","",
"Korea, Rep.","KOR","Land area where elevation is below 5 meters (% of total land area)","AG.LND.EL5M.ZS","","","","","","","","","","","","","","","","","","","","","","","","","","","","","","","2.98079254342248","","","","","","","","","","2.98079254341314","","","","","","","","","","","","","","","2.98079254341265","","","","","","","",
"Kuwait","KWT","Land area where elevation is below 5 meters (% of total land area)","AG.LND.EL5M.ZS","","","","","","","","","","","","","","","","","","","","","","","","","","","","","","","8.59160119947525","","","","","","","","","","8.59160119945315","","","","","","","","","","","","","","","8.59160119945102","","","","","","","",
"Latin America & Caribbean (excluding high income)","LAC","Land area where elevation is below 5 meters (% of total land area)","AG.LND.EL5M.ZS","","","","","","","","","","","","","","","","","","","","","","","","","","","","","","","1.19566994299797","","","","","","","","","","1.19552858525089","","","","","","","","","","","","","","","1.19302839715509","","","","","","","",
"Lao PDR","LAO","Land area where elevation is below 5 meters (% of total land area)","AG.LND.EL5M.ZS","","","","","","","","","","","","","","","","","","","","","","","","","","","","","","","0","","","","","","","","","","0","","","","","","","","","","","","","","","0","","","","","","","",
"Lebanon","LBN","Land area where elevation is below 5 meters (% of total land area)","AG.LND.EL5M.ZS","","","","","","","","","","","","","","","","","","","","","","","","","","","","","","","0.623546939881085","","","","","","","","","","0.623546939880013","","","","","","","","","","","","","","","0.623546939880373","","","","","","","",
"Liberia","LBR","Land area where elevation is below 5 meters (% of total land area)","AG.LND.EL5M.ZS","","","","","","","","","","","","","","","","","","","","","","","","","","","","","","","1.10372857408925","","","","","","","","","","1.10372857408982","","","","","","","","","","","","","","","1.10372857408954","","","","","","","",
"Libya","LBY","Land area where elevation is below 5 meters (% of total land area)","AG.LND.EL5M.ZS","","","","","","","","","","","","","","","","","","","","","","","","","","","","","","","0.479890991051367","","","","","","","","","","0.479890991050469","","","","","","","","","","","","","","","0.479890991052062","","","","","","","",
"St. Lucia","LCA","Land area where elevation is below 5 meters (% of total land area)","AG.LND.EL5M.ZS","","","","","","","","","","","","","","","","","","","","","","","","","","","","","","","4.62134351536912","","","","","","","","","","4.62134351536774","","","","","","","","","","","","","","","4.62134351537154","","","","","","","",
"Latin America & Caribbean","LCN","Land area where elevation is below 5 meters (% of total land area)","AG.LND.EL5M.ZS","","","","","","","","","","","","","","","","","","","","","","","","","","","","","","","1.27461538923936","","","","","","","","","","1.27459962788283","","","","","","","","","","","","","","","1.27237840355223","","","","","","","",
"Least developed countries: UN classification","LDC","Land area where elevation is below 5 meters (% of total land area)","AG.LND.EL5M.ZS","","","","","","","","","","","","","","","","","","","","","","","","","","","","","","","0.625445755263476","","","","","","","","","","0.63206856180895","","","","","","","","","","","","","","","0.622750151682491","","","","","","","",
"Low income","LIC","Land area where elevation is below 5 meters (% of total land area)","AG.LND.EL5M.ZS","","","","","","","","","","","","","","","","","","","","","","","","","","","","","","","0.301757623909316","","","","","","","","","","0.31011327714468","","","","","","","","","","","","","","","0.303678085650324","","","","","","","",
"Liechtenstein","LIE","Land area where elevation is below 5 meters (% of total land area)","AG.LND.EL5M.ZS","","","","","","","","","","","","","","","","","","","","","","","","","","","","","","","0","","","","","","","","","","0","","","","","","","","","","","","","","","0","","","","","","","",
"Sri Lanka","LKA","Land area where elevation is below 5 meters (% of total land area)","AG.LND.EL5M.ZS","","","","","","","","","","","","","","","","","","","","","","","","","","","","","","","3.47658480132479","","","","","","","","","","3.47658480131435","","","","","","","","","","","","","","","3.47658480132331","","","","","","","",
"Lower middle income","LMC","Land area where elevation is below 5 meters (% of total land area)","AG.LND.EL5M.ZS","","","","","","","","","","","","","","","","","","","","","","","","","","","","","","","1.73852712909327","","","","","","","","","","1.74585144136061","","","","","","","","","","","","","","","1.74625784081643","","","","","","","",
"Low & middle income","LMY","Land area where elevation is below 5 meters (% of total land area)","AG.LND.EL5M.ZS","","","","","","","","","","","","","","","","","","","","","","","","","","","","","","","1.0153212894691","","","","","","","","","","1.01903075179469","","","","","","","","","","","","","","","1.01556875510993","","","","","","","",
"Lesotho","LSO","Land area where elevation is below 5 meters (% of total land area)","AG.LND.EL5M.ZS","","","","","","","","","","","","","","","","","","","","","","","","","","","","","","","0","","","","","","","","","","0","","","","","","","","","","","","","","","0","","","","","","","",
"Late-demographic dividend","LTE","Land area where elevation is below 5 meters (% of total land area)","AG.LND.EL5M.ZS","","","","","","","","","","","","","","","","","","","","","","","","","","","","","","","0.976276480338914","","","","","","","","","","0.97138024681828","","","","","","","","","","","","","","","0.971968956881109","","","","","","","",
"Lithuania","LTU","Land area where elevation is below 5 meters (% of total land area)","AG.LND.EL5M.ZS","","","","","","","","","","","","","","","","","","","","","","","","","","","","","","","0.697016788383755","","","","","","","","","","0.697016788385278","","","","","","","","","","","","","","","0.697016788385351","","","","","","","",
"Luxembourg","LUX","Land area where elevation is below 5 meters (% of total land area)","AG.LND.EL5M.ZS","","","","","","","","","","","","","","","","","","","","","","","","","","","","","","","0","","","","","","","","","","0","","","","","","","","","","","","","","","0","","","","","","","",
"Latvia","LVA","Land area where elevation is below 5 meters (% of total land area)","AG.LND.EL5M.ZS","","","","","","","","","","","","","","","","","","","","","","","","","","","","","","","1.88345468654422","","","","","","","","","","1.88345468653957","","","","","","","","","","","","","","","1.88345468654043","","","","","","","",
"Macao SAR, China","MAC","Land area where elevation is below 5 meters (% of total land area)","AG.LND.EL5M.ZS","","","","","","","","","","","","","","","","","","","","","","","","","","","","","","","46.8797663279588","","","","","","","","","","46.879766327957","","","","","","","","","","","","","","","46.8797663279414","","","","","","","",
"St. Martin (French part)","MAF","Land area where elevation is below 5 meters (% of total land area)","AG.LND.EL5M.ZS","","","","","","","","","","","","","","","","","","","","","","","","","","","","","","","26.892581326118","","","","","","","","","","26.8925813262263","","","","","","","","","","","","","","","26.8925813262449","","","","","","","",
"Morocco","MAR","Land area where elevation is below 5 meters (% of total land area)","AG.LND.EL5M.ZS","","","","","","","","","","","","","","","","","","","","","","","","","","","","","","","0.216119843145269","","","","","","","","","","0.216119843145398","","","","","","","","","","","","","","","0.216119843145701","","","","","","","",
"Monaco","MCO","Land area where elevation is below 5 meters (% of total land area)","AG.LND.EL5M.ZS","","","","","","","","","","","","","","","","","","","","","","","","","","","","","","","21.0869968009206","","","","","","","","","","21.0869968009206","","","","","","","","","","","","","","","21.0869968009206","","","","","","","",
"Moldova","MDA","Land area where elevation is below 5 meters (% of total land area)","AG.LND.EL5M.ZS","","","","","","","","","","","","","","","","","","","","","","","","","","","","","","","0","","","","","","","","","","0","","","","","","","","","","","","","","","0","","","","","","","",
"Madagascar","MDG","Land area where elevation is below 5 meters (% of total land area)","AG.LND.EL5M.ZS","","","","","","","","","","","","","","","","","","","","","","","","","","","","","","","1.25938945719897","","","","","","","","","","1.25938945719895","","","","","","","","","","","","","","","1.25938945719906","","","","","","","",
"Maldives","MDV","Land area where elevation is below 5 meters (% of total land area)","AG.LND.EL5M.ZS","","","","","","","","","","","","","","","","","","","","","","","","","","","","","","","80.4834020537307","","","","","","","","","","80.483402053733","","","","","","","","","","","","","","","80.4834020536923","","","","","","","",
"Middle East & North Africa","MEA","Land area where elevation is below 5 meters (% of total land area)","AG.LND.EL5M.ZS","","","","","","","","","","","","","","","","","","","","","","","","","","","","","","","0.638864447173985","","","","","","","","","","0.638923534357588","","","","","","","","","","","","","","","0.638337839515925","","","","","","","",
"Mexico","MEX","Land area where elevation is below 5 meters (% of total land area)","AG.LND.EL5M.ZS","","","","","","","","","","","","","","","","","","","","","","","","","","","","","","","2.68482850822417","","","","","","","","","","2.68482850822223","","","","","","","","","","","","","","","2.68482850822463","","","","","","","",
"Marshall Islands","MHL","Land area where elevation is below 5 meters (% of total land area)","AG.LND.EL5M.ZS","","","","","","","","","","","","","","","","","","","","","","","","","","","","","","","81.7034220925405","","","","","","","","","","81.7034220925163","","","","","","","","","","","","","","","81.7034220925472","","","","","","","",
"Middle income","MIC","Land area where elevation is below 5 meters (% of total land area)","AG.LND.EL5M.ZS","","","","","","","","","","","","","","","","","","","","","","","","","","","","","","","1.1565705788064","","","","","","","","","","1.15932841436232","","","","","","","","","","","","","","","1.15894589235104","","","","","","","",
"North Macedonia","MKD","Land area where elevation is below 5 meters (% of total land area)","AG.LND.EL5M.ZS","","","","","","","","","","","","","","","","","","","","","","","","","","","","","","","0","","","","","","","","","","0","","","","","","","","","","","","","","","0","","","","","","","",
"Mali","MLI","Land area where elevation is below 5 meters (% of total land area)","AG.LND.EL5M.ZS","","","","","","","","","","","","","","","","","","","","","","","","","","","","","","","0","","","","","","","","","","0","","","","","","","","","","","","","","","0","","","","","","","",
"Malta","MLT","Land area where elevation is below 5 meters (% of total land area)","AG.LND.EL5M.ZS","","","","","","","","","","","","","","","","","","","","","","","","","","","","","","","7.09445661697569","","","","","","","","","","7.09445661695569","","","","","","","","","","","","","","","7.09445661696985","","","","","","","",
"Myanmar","MMR","Land area where elevation is below 5 meters (% of total land area)","AG.LND.EL5M.ZS","","","","","","","","","","","","","","","","","","","","","","","","","","","","","","","4.51455414604892","","","","","","","","","","4.51455414604538","","","","","","","","","","","","","","","4.51455414604067","","","","","","","",
"Middle East & North Africa (excluding high income)","MNA","Land area where elevation is below 5 meters (% of total land area)","AG.LND.EL5M.ZS","","","","","","","","","","","","","","","","","","","","","","","","","","","","","","","0.635566874781515","","","","","","","","","","0.635566874779711","","","","","","","","","","","","","","","0.634695671520045","","","","","","","",
"Montenegro","MNE","Land area where elevation is below 5 meters (% of total land area)","AG.LND.EL5M.ZS","","","","","","","","","","","","","","","","","","","","","","","","","","","","","","","0.701665704119967","","","","","","","","","","0.701665704119545","","","","","","","","","","","","","","","0.701665704118328","","","","","","","",
"Mongolia","MNG","Land area where elevation is below 5 meters (% of total land area)","AG.LND.EL5M.ZS","","","","","","","","","","","","","","","","","","","","","","","","","","","","","","","0","","","","","","","","","","0","","","","","","","","","","","","","","","0","","","","","","","",
"Northern Mariana Islands","MNP","Land area where elevation is below 5 meters (% of total land area)","AG.LND.EL5M.ZS","","","","","","","","","","","","","","","","","","","","","","","","","","","","","","","12.8832280350592","","","","","","","","","","12.8832280350523","","","","","","","","","","","","","","","12.8832280350592","","","","","","","",
"Mozambique","MOZ","Land area where elevation is below 5 meters (% of total land area)","AG.LND.EL5M.ZS","","","","","","","","","","","","","","","","","","","","","","","","","","","","","","","2.06299817325133","","","","","","","","","","2.06299817325865","","","","","","","","","","","","","","","2.06299817325649","","","","","","","",
"Mauritania","MRT","Land area where elevation is below 5 meters (% of total land area)","AG.LND.EL5M.ZS","","","","","","","","","","","","","","","","","","","","","","","","","","","","","","","1.08239953961211","","","","","","","","","","1.08239953960643","","","","","","","","","","","","","","","1.08239953960961","","","","","","","",
"Mauritius","MUS","Land area where elevation is below 5 meters (% of total land area)","AG.LND.EL5M.ZS","","","","","","","","","","","","","","","","","","","","","","","","","","","","","","","3.52118232099693","","","","","","","","","","3.52118232100228","","","","","","","","","","","","","","","3.52118232099046","","","","","","","",
"Malawi","MWI","Land area where elevation is below 5 meters (% of total land area)","AG.LND.EL5M.ZS","","","","","","","","","","","","","","","","","","","","","","","","","","","","","","","0","","","","","","","","","","0","","","","","","","","","","","","","","","0","","","","","","","",
"Malaysia","MYS","Land area where elevation is below 5 meters (% of total land area)","AG.LND.EL5M.ZS","","","","","","","","","","","","","","","","","","","","","","","","","","","","","","","6.89026185887744","","","","","","","","","","6.89026185885604","","","","","","","","","","","","","","","6.89026185884778","","","","","","","",
"North America","NAC","Land area where elevation is below 5 meters (% of total land area)","AG.LND.EL5M.ZS","","","","","","","","","","","","","","","","","","","","","","","","","","","","","","","1.05529450854","","","","","","","","","","1.05535984144998","","","","","","","","","","","","","","","1.05503959457691","","","","","","","",
"Namibia","NAM","Land area where elevation is below 5 meters (% of total land area)","AG.LND.EL5M.ZS","","","","","","","","","","","","","","","","","","","","","","","","","","","","","","","0.20118229164798","","","","","","","","","","0.201182291647752","","","","","","","","","","","","","","","0.201182291648057","","","","","","","",
"New Caledonia","NCL","Land area where elevation is below 5 meters (% of total land area)","AG.LND.EL5M.ZS","","","","","","","","","","","","","","","","","","","","","","","","","","","","","","","5.40773374745945","","","","","","","","","","5.40773374743369","","","","","","","","","","","","","","","5.40773374745699","","","","","","","",
"Niger","NER","Land area where elevation is below 5 meters (% of total land area)","AG.LND.EL5M.ZS","","","","","","","","","","","","","","","","","","","","","","","","","","","","","","","0","","","","","","","","","","0","","","","","","","","","","","","","","","0","","","","","","","",
"Nigeria","NGA","Land area where elevation is below 5 meters (% of total land area)","AG.LND.EL5M.ZS","","","","","","","","","","","","","","","","","","","","","","","","","","","","","","","2.10696169438517","","","","","","","","","","2.10696169437713","","","","","","","","","","","","","","","2.10696169438296","","","","","","","",
"Nicaragua","NIC","Land area where elevation is below 5 meters (% of total land area)","AG.LND.EL5M.ZS","","","","","","","","","","","","","","","","","","","","","","","","","","","","","","","5.89345188779586","","","","","","","","","","5.89345188782694","","","","","","","","","","","","","","","5.89345188779541","","","","","","","",
"Netherlands","NLD","Land area where elevation is below 5 meters (% of total land area)","AG.LND.EL5M.ZS","","","","","","","","","","","","","","","","","","","","","","","","","","","","","","","52.0084577000278","","","","","","","","","","52.0084577000233","","","","","","","","","","","","","","","52.0084577000958","","","","","","","",
"Norway","NOR","Land area where elevation is below 5 meters (% of total land area)","AG.LND.EL5M.ZS","","","","","","","","","","","","","","","","","","","","","","","","","","","","","","","1.59868680764231","","","","","","","","","","1.59868680763992","","","","","","","","","","","","","","","1.59868680763801","","","","","","","",
"Nepal","NPL","Land area where elevation is below 5 meters (% of total land area)","AG.LND.EL5M.ZS","","","","","","","","","","","","","","","","","","","","","","","","","","","","","","","0","","","","","","","","","","0","","","","","","","","","","","","","","","0","","","","","","","",
"Nauru","NRU","Land area where elevation is below 5 meters (% of total land area)","AG.LND.EL5M.ZS","","","","","","","","","","","","","","","","","","","","","","","","","","","","","","","13.5112911264077","","","","","","","","","","13.5112911264077","","","","","","","","","","","","","","","13.5112911264077","","","","","","","",
"New Zealand","NZL","Land area where elevation is below 5 meters (% of total land area)","AG.LND.EL5M.ZS","","","","","","","","","","","","","","","","","","","","","","","","","","","","","","","4.62627363120716","","","","","","","","","","4.62627363117093","","","","","","","","","","","","","","","4.62627363117754","","","","","","","",
"OECD members","OED","Land area where elevation is below 5 meters (% of total land area)","AG.LND.EL5M.ZS","","","","","","","","","","","","","","","","","","","","","","","","","","","","","","","1.27754691364412","","","","","","","","","","1.27726425047134","","","","","","","","","","","","","","","1.27710947399854","","","","","","","",
"Oman","OMN","Land area where elevation is below 5 meters (% of total land area)","AG.LND.EL5M.ZS","","","","","","","","","","","","","","","","","","","","","","","","","","","","","","","0.793991213306727","","","","","","","","","","0.793991213309043","","","","","","","","","","","","","","","0.793991213306997","","","","","","","",
"Other small states","OSS","Land area where elevation is below 5 meters (% of total land area)","AG.LND.EL5M.ZS","","","","","","","","","","","","","","","","","","","","","","","","","","","","","","","0.915370038627794","","","","","","","","","","0.918811852082665","","","","","","","","","","","","","","","0.921387563358742","","","","","","","",
"Pakistan","PAK","Land area where elevation is below 5 meters (% of total land area)","AG.LND.EL5M.ZS","","","","","","","","","","","","","","","","","","","","","","","","","","","","","","","1.30601857257062","","","","","","","","","","1.30601857257035","","","","","","","","","","","","","","","1.30601857256827","","","","","","","",
"Panama","PAN","Land area where elevation is below 5 meters (% of total land area)","AG.LND.EL5M.ZS","","","","","","","","","","","","","","","","","","","","","","","","","","","","","","","4.49107718702907","","","","","","","","","","4.49107718703267","","","","","","","","","","","","","","","4.49107718702475","","","","","","","",
"Peru","PER","Land area where elevation is below 5 meters (% of total land area)","AG.LND.EL5M.ZS","","","","","","","","","","","","","","","","","","","","","","","","","","","","","","","0.295481210158271","","","","","","","","","","0.295481210157615","","","","","","","","","","","","","","","0.295481210157947","","","","","","","",
"Philippines","PHL","Land area where elevation is below 5 meters (% of total land area)","AG.LND.EL5M.ZS","","","","","","","","","","","","","","","","","","","","","","","","","","","","","","","4.64931683190248","","","","","","","","","","4.64931683190498","","","","","","","","","","","","","","","4.64931683189432","","","","","","","",
"Palau","PLW","Land area where elevation is below 5 meters (% of total land area)","AG.LND.EL5M.ZS","","","","","","","","","","","","","","","","","","","","","","","","","","","","","","","16.0184542499446","","","","","","","","","","16.0184542499446","","","","","","","","","","","","","","","16.0184542499446","","","","","","","",
"Papua New Guinea","PNG","Land area where elevation is below 5 meters (% of total land area)","AG.LND.EL5M.ZS","","","","","","","","","","","","","","","","","","","","","","","","","","","","","","","3.84186096929158","","","","","","","","","","3.84186096929028","","","","","","","","","","","","","","","3.84186096929376","","","","","","","",
"Poland","POL","Land area where elevation is below 5 meters (% of total land area)","AG.LND.EL5M.ZS","","","","","","","","","","","","","","","","","","","","","","","","","","","","","","","1.05983749101934","","","","","","","","","","1.05983749102001","","","","","","","","","","","","","","","1.05983749101733","","","","","","","",
"Pre-demographic dividend","PRE","Land area where elevation is below 5 meters (% of total land area)","AG.LND.EL5M.ZS","","","","","","","","","","","","","","","","","","","","","","","","","","","","","","","0.525335028969752","","","","","","","","","","0.529109928867374","","","","","","","","","","","","","","","0.524146118322994","","","","","","","",
"Puerto Rico","PRI","Land area where elevation is below 5 meters (% of total land area)","AG.LND.EL5M.ZS","","","","","","","","","","","","","","","","","","","","","","","","","","","","","","","6.7879510222042","","","","","","","","","","6.78795102220456","","","","","","","","","","","","","","","6.7879510222038","","","","","","","",
"Korea, Dem. People's Rep.","PRK","Land area where elevation is below 5 meters (% of total land area)","AG.LND.EL5M.ZS","","","","","","","","","","","","","","","","","","","","","","","","","","","","","","","1.66870356552738","","","","","","","","","","1.66870356553137","","","","","","","","","","","","","","","1.66870356551943","","","","","","","",
"Portugal","PRT","Land area where elevation is below 5 meters (% of total land area)","AG.LND.EL5M.ZS","","","","","","","","","","","","","","","","","","","","","","","","","","","","","","","1.68511220437977","","","","","","","","","","1.6851122043781","","","","","","","","","","","","","","","1.68511220438307","","","","","","","",
"Paraguay","PRY","Land area where elevation is below 5 meters (% of total land area)","AG.LND.EL5M.ZS","","","","","","","","","","","","","","","","","","","","","","","","","","","","","","","0","","","","","","","","","","0","","","","","","","","","","","","","","","0","","","","","","","",
"West Bank and Gaza","PSE","Land area where elevation is below 5 meters (% of total land area)","AG.LND.EL5M.ZS","","","","","","","","","","","","","","","","","","","","","","","","","","","","","","","0.147112482262412","","","","","","","","","","0.147112482262387","","","","","","","","","","","","","","","0.147112482262363","","","","","","","",
"Pacific island small states","PSS","Land area where elevation is below 5 meters (% of total land area)","AG.LND.EL5M.ZS","","","","","","","","","","","","","","","","","","","","","","","","","","","","","","","8.08369419373405","","","","","","","","","","8.0836941937218","","","","","","","","","","","","","","","8.08369419371321","","","","","","","",
"Post-demographic dividend","PST","Land area where elevation is below 5 meters (% of total land area)","AG.LND.EL5M.ZS","","","","","","","","","","","","","","","","","","","","","","","","","","","","","","","1.22632465096897","","","","","","","","","","1.22603671183283","","","","","","","","","","","","","","","1.22441545610782","","","","","","","",
"French Polynesia","PYF","Land area where elevation is below 5 meters (% of total land area)","AG.LND.EL5M.ZS","","","","","","","","","","","","","","","","","","","","","","","","","","","","","","","30.0458582717546","","","","","","","","","","30.0458582719127","","","","","","","","","","","","","","","30.0458582717511","","","","","","","",
"Qatar","QAT","Land area where elevation is below 5 meters (% of total land area)","AG.LND.EL5M.ZS","","","","","","","","","","","","","","","","","","","","","","","","","","","","","","","11.5571811332171","","","","","","","","","","11.5571811331806","","","","","","","","","","","","","","","11.5571811331815","","","","","","","",
"Romania","ROU","Land area where elevation is below 5 meters (% of total land area)","AG.LND.EL5M.ZS","","","","","","","","","","","","","","","","","","","","","","","","","","","","","","","1.38536239805941","","","","","","","","","","1.38536239806429","","","","","","","","","","","","","","","1.38536239806098","","","","","","","",
"Russian Federation","RUS","Land area where elevation is below 5 meters (% of total land area)","AG.LND.EL5M.ZS","","","","","","","","","","","","","","","","","","","","","","","","","","","","","","","0.67458641096654","","","","","","","","","","0.674586410973219","","","","","","","","","","","","","","","0.674586410966513","","","","","","","",
"Rwanda","RWA","Land area where elevation is below 5 meters (% of total land area)","AG.LND.EL5M.ZS","","","","","","","","","","","","","","","","","","","","","","","","","","","","","","","0","","","","","","","","","","0","","","","","","","","","","","","","","","0","","","","","","","",
"South Asia","SAS","Land area where elevation is below 5 meters (% of total land area)","AG.LND.EL5M.ZS","","","","","","","","","","","","","","","","","","","","","","","","","","","","","","","1.47135588860184","","","","","","","","","","1.47338228123194","","","","","","","","","","","","","","","1.47355902398878","","","","","","","",
"Saudi Arabia","SAU","Land area where elevation is below 5 meters (% of total land area)","AG.LND.EL5M.ZS","","","","","","","","","","","","","","","","","","","","","","","","","","","","","","","0.38059515092178","","","","","","","","","","0.380595150919816","","","","","","","","","","","","","","","0.38059515092117","","","","","","","",
"Sudan","SDN","Land area where elevation is below 5 meters (% of total land area)","AG.LND.EL5M.ZS","","","","","","","","","","","","","","","","","","","","","","","","","","","","","","","0.0836492778455363","","","","","","","","","","0.0836492778454268","","","","","","","","","","","","","","","0.0836492778457297","","","","","","","",
"Senegal","SEN","Land area where elevation is below 5 meters (% of total land area)","AG.LND.EL5M.ZS","","","","","","","","","","","","","","","","","","","","","","","","","","","","","","","4.34850399015276","","","","","","","","","","4.3485039901503","","","","","","","","","","","","","","","4.34850399015305","","","","","","","",
"Singapore","SGP","Land area where elevation is below 5 meters (% of total land area)","AG.LND.EL5M.ZS","","","","","","","","","","","","","","","","","","","","","","","","","","","","","","","9.75689191068487","","","","","","","","","","9.75689191067865","","","","","","","","","","","","","","","9.75689191069018","","","","","","","",
"Solomon Islands","SLB","Land area where elevation is below 5 meters (% of total land area)","AG.LND.EL5M.ZS","","","","","","","","","","","","","","","","","","","","","","","","","","","","","","","7.29003277634603","","","","","","","","","","7.29003277634903","","","","","","","","","","","","","","","7.29003277631837","","","","","","","",
"Sierra Leone","SLE","Land area where elevation is below 5 meters (% of total land area)","AG.LND.EL5M.ZS","","","","","","","","","","","","","","","","","","","","","","","","","","","","","","","5.25668349060158","","","","","","","","","","5.25668349059396","","","","","","","","","","","","","","","5.25668349060968","","","","","","","",
"El Salvador","SLV","Land area where elevation is below 5 meters (% of total land area)","AG.LND.EL5M.ZS","","","","","","","","","","","","","","","","","","","","","","","","","","","","","","","3.63128219544578","","","","","","","","","","3.63128219544316","","","","","","","","","","","","","","","3.63128219544997","","","","","","","",
"San Marino","SMR","Land area where elevation is below 5 meters (% of total land area)","AG.LND.EL5M.ZS","","","","","","","","","","","","","","","","","","","","","","","","","","","","","","","0","","","","","","","","","","0","","","","","","","","","","","","","","","0","","","","","","","",
"Somalia","SOM","Land area where elevation is below 5 meters (% of total land area)","AG.LND.EL5M.ZS","","","","","","","","","","","","","","","","","","","","","","","","","","","","","","","0.240375612735038","","","","","","","","","","0.24037561273519","","","","","","","","","","","","","","","0.240375612735612","","","","","","","",
"Serbia","SRB","Land area where elevation is below 5 meters (% of total land area)","AG.LND.EL5M.ZS","","","","","","","","","","","","","","","","","","","","","","","","","","","","","","","0","","","","","","","","","","0","","","","","","","","","","","","","","","0","","","","","","","",
"Sub-Saharan Africa (excluding high income)","SSA","Land area where elevation is below 5 meters (% of total land area)","AG.LND.EL5M.ZS","","","","","","","","","","","","","","","","","","","","","","","","","","","","","","","0.428888247793785","","","","","","","","","","0.434358356185098","","","","","","","","","","","","","","","0.428695825779694","","","","","","","",
"South Sudan","SSD","Land area where elevation is below 5 meters (% of total land area)","AG.LND.EL5M.ZS","","","","","","","","","","","","","","","","","","","","","","","","","","","","","","","0","","","","","","","","","","0","","","","","","","","","","","","","","","0","","","","","","","",
"Sub-Saharan Africa","SSF","Land area where elevation is below 5 meters (% of total land area)","AG.LND.EL5M.ZS","","","","","","","","","","","","","","","","","","","","","","","","","","","","","","","0.429387293378354","","","","","","","","","","0.434857295227421","","","","","","","","","","","","","","","0.429189161475509","","","","","","","",
"Small states","SST","Land area where elevation is below 5 meters (% of total land area)","AG.LND.EL5M.ZS","","","","","","","","","","","","","","","","","","","","","","","","","","","","","","","2.1918828366841","","","","","","","","","","2.19820201477975","","","","","","","","","","","","","","","2.20062971431476","","","","","","","",
"Sao Tome and Principe","STP","Land area where elevation is below 5 meters (% of total land area)","AG.LND.EL5M.ZS","","","","","","","","","","","","","","","","","","","","","","","","","","","","","","","3.40135779698711","","","","","","","","","","3.40135779698162","","","","","","","","","","","","","","","3.40135779698111","","","","","","","",
"Suriname","SUR","Land area where elevation is below 5 meters (% of total land area)","AG.LND.EL5M.ZS","","","","","","","","","","","","","","","","","","","","","","","","","","","","","","","6.35628853674674","","","","","","","","","","6.35628853674551","","","","","","","","","","","","","","","6.35628853676729","","","","","","","",
"Slovak Republic","SVK","Land area where elevation is below 5 meters (% of total land area)","AG.LND.EL5M.ZS","","","","","","","","","","","","","","","","","","","","","","","","","","","","","","","0","","","","","","","","","","0","","","","","","","","","","","","","","","0","","","","","","","",
"Slovenia","SVN","Land area where elevation is below 5 meters (% of total land area)","AG.LND.EL5M.ZS","","","","","","","","","","","","","","","","","","","","","","","","","","","","","","","0.106451097540673","","","","","","","","","","0.106451097541176","","","","","","","","","","","","","","","0.106451097540971","","","","","","","",
"Sweden","SWE","Land area where elevation is below 5 meters (% of total land area)","AG.LND.EL5M.ZS","","","","","","","","","","","","","","","","","","","","","","","","","","","","","","","0.996003669728224","","","","","","","","","","0.996003669728705","","","","","","","","","","","","","","","0.996003669728107","","","","","","","",
"Eswatini","SWZ","Land area where elevation is below 5 meters (% of total land area)","AG.LND.EL5M.ZS","","","","","","","","","","","","","","","","","","","","","","","","","","","","","","","0","","","","","","","","","","0","","","","","","","","","","","","","","","0","","","","","","","",
"Sint Maarten (Dutch part)","SXM","Land area where elevation is below 5 meters (% of total land area)","AG.LND.EL5M.ZS","","","","","","","","","","","","","","","","","","","","","","","","","","","","","","","19.2136335535477","","","","","","","","","","19.2136335535602","","","","","","","","","","","","","","","19.213633553594","","","","","","","",
"Seychelles","SYC","Land area where elevation is below 5 meters (% of total land area)","AG.LND.EL5M.ZS","","","","","","","","","","","","","","","","","","","","","","","","","","","","","","","26.0509636773211","","","","","","","","","","26.0509636773042","","","","","","","","","","","","","","","26.0509636772155","","","","","","","",
"Syrian Arab Republic","SYR","Land area where elevation is below 5 meters (% of total land area)","AG.LND.EL5M.ZS","","","","","","","","","","","","","","","","","","","","","","","","","","","","","","","0.0309847408777882","","","","","","","","","","0.0309847408777625","","","","","","","","","","","","","","","0.0309847408778005","","","","","","","",
"Turks and Caicos Islands","TCA","Land area where elevation is below 5 meters (% of total land area)","AG.LND.EL5M.ZS","","","","","","","","","","","","","","","","","","","","","","","","","","","","","","","63.3144755877424","","","","","","","","","","63.314475587774","","","","","","","","","","","","","","","63.3144755877819","","","","","","","",
"Chad","TCD","Land area where elevation is below 5 meters (% of total land area)","AG.LND.EL5M.ZS","","","","","","","","","","","","","","","","","","","","","","","","","","","","","","","0","","","","","","","","","","0","","","","","","","","","","","","","","","0","","","","","","","",
"East Asia & Pacific (IDA & IBRD countries)","TEA","Land area where elevation is below 5 meters (% of total land area)","AG.LND.EL5M.ZS","","","","","","","","","","","","","","","","","","","","","","","","","","","","","","","2.41296508083564","","","","","","","","","","2.42265875556733","","","","","","","","","","","","","","","2.42307768474257","","","","","","","",
"Europe & Central Asia (IDA & IBRD countries)","TEC","Land area where elevation is below 5 meters (% of total land area)","AG.LND.EL5M.ZS","","","","","","","","","","","","","","","","","","","","","","","","","","","","","","","0.562423967649602","","","","","","","","","","0.56215317995597","","","","","","","","","","","","","","","0.562098029694267","","","","","","","",
"Togo","TGO","Land area where elevation is below 5 meters (% of total land area)","AG.LND.EL5M.ZS","","","","","","","","","","","","","","","","","","","","","","","","","","","","","","","0.411133631955851","","","","","","","","","","0.411133631955731","","","","","","","","","","","","","","","0.41113363195663","","","","","","","",
"Thailand","THA","Land area where elevation is below 5 meters (% of total land area)","AG.LND.EL5M.ZS","","","","","","","","","","","","","","","","","","","","","","","","","","","","","","","4.23905386738739","","","","","","","","","","4.23905386738083","","","","","","","","","","","","","","","4.23905386738625","","","","","","","",
"Tajikistan","TJK","Land area where elevation is below 5 meters (% of total land area)","AG.LND.EL5M.ZS","","","","","","","","","","","","","","","","","","","","","","","","","","","","","","","0","","","","","","","","","","0","","","","","","","","","","","","","","","0","","","","","","","",
"Turkmenistan","TKM","Land area where elevation is below 5 meters (% of total land area)","AG.LND.EL5M.ZS","","","","","","","","","","","","","","","","","","","","","","","","","","","","","","","0","","","","","","","","","","0","","","","","","","","","","","","","","","0","","","","","","","",
"Latin America & the Caribbean (IDA & IBRD countries)","TLA","Land area where elevation is below 5 meters (% of total land area)","AG.LND.EL5M.ZS","","","","","","","","","","","","","","","","","","","","","","","","","","","","","","","1.1598105411169","","","","","","","","","","1.15963048646623","","","","","","","","","","","","","","","1.15959368120851","","","","","","","",
"Timor-Leste","TLS","Land area where elevation is below 5 meters (% of total land area)","AG.LND.EL5M.ZS","","","","","","","","","","","","","","","","","","","","","","","","","","","","","","","1.55907157815268","","","","","","","","","","1.55907157816125","","","","","","","","","","","","","","","1.55907157816078","","","","","","","",
"Middle East & North Africa (IDA & IBRD countries)","TMN","Land area where elevation is below 5 meters (% of total land area)","AG.LND.EL5M.ZS","","","","","","","","","","","","","","","","","","","","","","","","","","","","","","","0.635907291854487","","","","","","","","","","0.635907291852681","","","","","","","","","","","","","","","0.635035593621343","","","","","","","",
"Tonga","TON","Land area where elevation is below 5 meters (% of total land area)","AG.LND.EL5M.ZS","","","","","","","","","","","","","","","","","","","","","","","","","","","","","","","17.5372012326194","","","","","","","","","","17.5372012326076","","","","","","","","","","","","","","","17.5372012326067","","","","","","","",
"South Asia (IDA & IBRD)","TSA","Land area where elevation is below 5 meters (% of total land area)","AG.LND.EL5M.ZS","","","","","","","","","","","","","","","","","","","","","","","","","","","","","","","1.47135588860184","","","","","","","","","","1.47338228123194","","","","","","","","","","","","","","","1.47355902398878","","","","","","","",
"Sub-Saharan Africa (IDA & IBRD countries)","TSS","Land area where elevation is below 5 meters (% of total land area)","AG.LND.EL5M.ZS","","","","","","","","","","","","","","","","","","","","","","","","","","","","","","","0.429387293378354","","","","","","","","","","0.434857295227421","","","","","","","","","","","","","","","0.429189161475509","","","","","","","",
"Trinidad and Tobago","TTO","Land area where elevation is below 5 meters (% of total land area)","AG.LND.EL5M.ZS","","","","","","","","","","","","","","","","","","","","","","","","","","","","","","","7.29692105562708","","","","","","","","","","7.29692105563153","","","","","","","","","","","","","","","7.29692105563009","","","","","","","",
"Tunisia","TUN","Land area where elevation is below 5 meters (% of total land area)","AG.LND.EL5M.ZS","","","","","","","","","","","","","","","","","","","","","","","","","","","","","","","1.47000587988121","","","","","","","","","","1.47000587988971","","","","","","","","","","","","","","","1.47000587989164","","","","","","","",
"Turkiye","TUR","Land area where elevation is below 5 meters (% of total land area)","AG.LND.EL5M.ZS","","","","","","","","","","","","","","","","","","","","","","","","","","","","","","","0.572584849103871","","","","","","","","","","0.5725848491037","","","","","","","","","","","","","","","0.572584849103025","","","","","","","",
"Tuvalu","TUV","Land area where elevation is below 5 meters (% of total land area)","AG.LND.EL5M.ZS","","","","","","","","","","","","","","","","","","","","","","","","","","","","","","","68.0171314318849","","","","","","","","","","68.0171314318849","","","","","","","","","","","","","","","68.0171314318849","","","","","","","",
"Tanzania","TZA","Land area where elevation is below 5 meters (% of total land area)","AG.LND.EL5M.ZS","","","","","","","","","","","","","","","","","","","","","","","","","","","","","","","0.173452116136177","","","","","","","","","","0.173452116135446","","","","","","","","","","","","","","","0.173452116135721","","","","","","","",
"Uganda","UGA","Land area where elevation is below 5 meters (% of total land area)","AG.LND.EL5M.ZS","","","","","","","","","","","","","","","","","","","","","","","","","","","","","","","0","","","","","","","","","","0","","","","","","","","","","","","","","","0","","","","","","","",
"Ukraine","UKR","Land area where elevation is below 5 meters (% of total land area)","AG.LND.EL5M.ZS","","","","","","","","","","","","","","","","","","","","","","","","","","","","","","","0.820800772449391","","","","","","","","","","0.820800772447838","","","","","","","","","","","","","","","0.820800772448344","","","","","","","",
"Upper middle income","UMC","Land area where elevation is below 5 meters (% of total land area)","AG.LND.EL5M.ZS","","","","","","","","","","","","","","","","","","","","","","","","","","","","","","","0.886155208538758","","","","","","","","","","0.885987157180647","","","","","","","","","","","","","","","0.885033686492205","","","","","","","",
"Uruguay","URY","Land area where elevation is below 5 meters (% of total land area)","AG.LND.EL5M.ZS","","","","","","","","","","","","","","","","","","","","","","","","","","","","","","","0.613938450111329","","","","","","","","","","0.613938450108695","","","","","","","","","","","","","","","0.613938450107093","","","","","","","",
"United States","USA","Land area where elevation is below 5 meters (% of total land area)","AG.LND.EL5M.ZS","","","","","","","","","","","","","","","","","","","","","","","","","","","","","","","1.45540481308305","","","","","","","","","","1.45540481308367","","","","","","","","","","","","","","","1.45540481308153","","","","","","","",
"Uzbekistan","UZB","Land area where elevation is below 5 meters (% of total land area)","AG.LND.EL5M.ZS","","","","","","","","","","","","","","","","","","","","","","","","","","","","","","","0","","","","","","","","","","0","","","","","","","","","","","","","","","0","","","","","","","",
"St. Vincent and the Grenadines","VCT","Land area where elevation is below 5 meters (% of total land area)","AG.LND.EL5M.ZS","","","","","","","","","","","","","","","","","","","","","","","","","","","","","","","7.84449792275879","","","","","","","","","","7.844497922775","","","","","","","","","","","","","","","7.84449792276076","","","","","","","",
"Venezuela, RB","VEN","Land area where elevation is below 5 meters (% of total land area)","AG.LND.EL5M.ZS","","","","","","","","","","","","","","","","","","","","","","","","","","","","","","","1.56674646260086","","","","","","","","","","1.56674646259203","","","","","","","","","","","","","","","1.56674646259316","","","","","","","",
"British Virgin Islands","VGB","Land area where elevation is below 5 meters (% of total land area)","AG.LND.EL5M.ZS","","","","","","","","","","","","","","","","","","","","","","","","","","","","","","","41.886001509351","","","","","","","","","","41.8860015093454","","","","","","","","","","","","","","","41.8860015093438","","","","","","","",
"Virgin Islands (U.S.)","VIR","Land area where elevation is below 5 meters (% of total land area)","AG.LND.EL5M.ZS","","","","","","","","","","","","","","","","","","","","","","","","","","","","","","","14.5516426684264","","","","","","","","","","14.5516426684383","","","","","","","","","","","","","","","14.5516426684355","","","","","","","",
"Viet Nam","VNM","Land area where elevation is below 5 meters (% of total land area)","AG.LND.EL5M.ZS","","","","","","","","","","","","","","","","","","","","","","","","","","","","","","","15.9435701836316","","","","","","","","","","15.9435701836256","","","","","","","","","","","","","","","15.9435701835988","","","","","","","",
"Vanuatu","VUT","Land area where elevation is below 5 meters (% of total land area)","AG.LND.EL5M.ZS","","","","","","","","","","","","","","","","","","","","","","","","","","","","","","","4.21509043203567","","","","","","","","","","4.2150904320281","","","","","","","","","","","","","","","4.21509043203904","","","","","","","",
"World","WLD","Land area where elevation is below 5 meters (% of total land area)","AG.LND.EL5M.ZS","","","","","","","","","","","","","","","","","","","","","","","","","","","","","","","1.08221108153467","","","","","","","","","","1.08690579409547","","","","","","","","","","","","","","","1.08422333786978","","","","","","","",
"Samoa","WSM","Land area where elevation is below 5 meters (% of total land area)","AG.LND.EL5M.ZS","","","","","","","","","","","","","","","","","","","","","","","","","","","","","","","2.11351823444806","","","","","","","","","","2.11351823445013","","","","","","","","","","","","","","","2.11351823444526","","","","","","","",
"Kosovo","XKX","Land area where elevation is below 5 meters (% of total land area)","AG.LND.EL5M.ZS","","","","","","","","","","","","","","","","","","","","","","","","","","","","","","","","","","","","","","","","","","","","","","","","","","","","","","","","","","","","","","","",
"Yemen, Rep.","YEM","Land area where elevation is below 5 meters (% of total land area)","AG.LND.EL5M.ZS","","","","","","","","","","","","","","","","","","","","","","","","","","","","","","","0.38503291166697","","","","","","","","","","0.385032911666962","","","","","","","","","","","","","","","0.385032911667232","","","","","","","",
"South Africa","ZAF","Land area where elevation is below 5 meters (% of total land area)","AG.LND.EL5M.ZS","","","","","","","","","","","","","","","","","","","","","","","","","","","","","","","0.114150971108422","","","","","","","","","","0.114150971107727","","","","","","","","","","","","","","","0.114150971108376","","","","","","","",
"Zambia","ZMB","Land area where elevation is below 5 meters (% of total land area)","AG.LND.EL5M.ZS","","","","","","","","","","","","","","","","","","","","","","","","","","","","","","","0","","","","","","","","","","0","","","","","","","","","","","","","","","0","","","","","","","",
"Zimbabwe","ZWE","Land area where elevation is below 5 meters (% of total land area)","AG.LND.EL5M.ZS","","","","","","","","","","","","","","","","","","","","","","","","","","","","","","","0","","","","","","","","","","0","","","","","","","","","","","","","","","0","","","","","","","",
